Business Name,Address,City,State,ZIP Code,Phone,Website,Detected Category,Rating,Reviews,Search Term,Map Rank,Search Source,Image URL,Sponsored?,Google Maps URL,Latitude,Longitude
Smile Recreation Dentistry by Dr. Baseri,6221 Wilshire Blvd #517,Los Angeles,CA,90048,(323) 413-2903,http://www.smilerecreation.com/,Dentist,4.7,339,Dentists near los angeles,1,Google Maps,https://lh3.googleusercontent.com/p/AF1QipN2kntnleFu8xEQJjEN1Ckc-9tfU7C8luBt4n0I=w32-h32-p-k-no,false,"https://www.google.com/maps/place/Smile+Recreation+Dentistry+by+Dr.+Baseri/@34.063501,-118.3640248,17z/data=!3m1!4b1!4m6!3m5!1s0x80c2bc81e5183381:0x11e698ae92bff020!8m2!3d34.063501!4d-118.3640248!16s%2Fg%2F1pty987f6?authuser=0&hl=en&entry=ttu&g_ep=EgoyMDI1MTIwOC4wIKXMDSoKLDEwMDc5MjA2OUgBUAM%3D",34.063501,-118.3640248
Restore Dental,2002 S Hoover St,Los Angeles,CA,90007,(310) 858-7373,https://www.restoredentalcenters.com/,Dentist,4.7,643,Dentists near los angeles,2,Google Maps,https://lh3.googleusercontent.com/p/AF1QipNqnV7p5BzDY7afOiypFqI0RdLKn1p6eBXJmTEQ=w32-h32-p-k-no,false,"https://www.google.com/maps/place/Restore+Dental/@34.0378399,-118.283664,17z/data=!3m1!4b1!4m6!3m5!1s0x80c2c7933400e107:0x26a8256b665c5729!8m2!3d34.0378399!4d-118.283664!16s%2Fg%2F11bwkq282t?authuser=0&hl=en&entry=ttu&g_ep=EgoyMDI1MTIwOC4wIKXMDSoKLDEwMDc5MjA2OUgBUAM%3D",34.0378399,-118.283664
Studio Smiles,5114 Venice Blvd.,Los Angeles,CA,90019,(323) 634-9333,http://studiosmilesla.com/,Dentist,4.8,884,Dentists near los angeles,3,Google Maps,https://lh3.googleusercontent.com/p/AF1QipMfzsLKeVFFdkP7jM0b6fQailgU2QcLjOUGB1hX=w32-h32-p-k-no,false,"https://www.google.com/maps/place/Studio+Smiles/@34.044779,-118.3512076,16z/data=!3m1!4b1!4m6!3m5!1s0x80c2b901399c0001:0x88ba695267a4e405!8m2!3d34.044779!4d-118.3512076!16s%2Fg%2F11c0xwkdjv?authuser=0&hl=en&entry=ttu&g_ep=EgoyMDI1MTIwOC4wIKXMDSoKLDEwMDc5MjA2OUgBUAM%3D",34.044779,-118.3512076
Los Angeles Dental Arts - Westchester,8540 S Sepulveda Blvd #918,Westchester,CA,90045,(310) 670-0379,http://www.losangelesdentalarts.com/?utm_source=gmb_auth,Dentist,4.9,466,Dentists near los angeles,4,Google Maps,https://lh3.googleusercontent.com/p/AF1QipNjk27lCXWLYUD4tfrK9mbQ759MBdlpTsnCO2Yf=w32-h32-p-k-no,false,"https://www.google.com/maps/place/Los+Angeles+Dental+Arts+-+Westchester/@33.960223,-118.3956818,17z/data=!3m1!4b1!4m6!3m5!1s0x80c2b0cd07ccb201:0xb16c91faa189c40e!8m2!3d33.960223!4d-118.3956818!16s%2Fg%2F1tj9c7_b?authuser=0&hl=en&entry=ttu&g_ep=EgoyMDI1MTIwOC4wIKXMDSoKLDEwMDc5MjA2OUgBUAM%3D",33.960223,-118.3956818
Blue Pearl Dentistry,1080 S La Cienega Blvd #206,Los Angeles,CA,90035,(424) 288-4175,http://www.bluepearldentistry.com/,Dentist,5.0,921,Dentists near los angeles,5,Google Maps,https://lh3.googleusercontent.com/p/AF1QipPINZyitpHbDuO-eXn3zidHG7eZNIo4XcXqCmNg=w32-h32-p-k-no,false,"https://www.google.com/maps/place/Blue+Pearl+Dentistry/@34.0572841,-118.375902,17z/data=!3m1!4b1!4m6!3m5!1s0x80c2b94231e3a4a3:0x23b53fb47973e297!8m2!3d34.0572841!4d-118.375902!16s%2Fg%2F11b6d7gxs9?authuser=0&hl=en&entry=ttu&g_ep=EgoyMDI1MTIwOC4wIKXMDSoKLDEwMDc5MjA2OUgBUAM%3D",34.0572841,-118.375902
Allure Dentistry,1872 S Sepulveda Blvd #2,Los Angeles,CA,90025,(310) 683-5321,https://www.alluredentistry.com/?utm_source=GMB&utm_medium=organic&utm_campaign=DevOptimization&utm_content=Website,Dentist,4.7,287,Dentists near los angeles,6,Google Maps,https://lh3.googleusercontent.com/p/AF1QipM5qH4A69FB_elnxTBooMKCgL1VnSfS5Z5rS4hi=w32-h32-p-k-no,false,"https://www.google.com/maps/place/Allure+Dentistry/@34.0450731,-118.4418071,17z/data=!3m1!4b1!4m6!3m5!1s0x80c2bb766858a69b:0x5d6f344dbad09b32!8m2!3d34.0450731!4d-118.4418071!16s%2Fg%2F1td2mrp9?authuser=0&hl=en&entry=ttu&g_ep=EgoyMDI1MTIwOC4wIKXMDSoKLDEwMDc5MjA2OUgBUAM%3D",34.0450731,-118.4418071
Asaro Dental Aesthetics,6333 Wilshire Blvd #311,Los Angeles,CA,90048,(323) 653-7500,https://asarodentalaesthetics.com/,Cosmetic dentist,5.0,311,Dentists near los angeles,7,Google Maps,https://lh3.googleusercontent.com/p/AF1QipPVSG0yD7IdJFrXSm2FoolCF_Hoy8THBr4fbE5y=w32-h32-p-k-no,false,"https://www.google.com/maps/place/Asaro+Dental+Aesthetics/@34.0638949,-118.3663645,17z/data=!3m1!4b1!4m6!3m5!1s0x80c2b9392142efef:0xb15684d59bc2fe3!8m2!3d34.0638949!4d-118.3663645!16s%2Fg%2F1th0n4xp?authuser=0&hl=en&entry=ttu&g_ep=EgoyMDI1MTIwOC4wIKXMDSoKLDEwMDc5MjA2OUgBUAM%3D",34.0638949,-118.3663645
United Dental Care,3909 Sepulveda Blvd,Culver City,CA,90230,(310) 390-6000,http://culvercitydentist.com/,Dentist,4.9,818,Dentists near los angeles,8,Google Maps,https://lh3.googleusercontent.com/p/AF1QipPsRzGeiIPw9uvv3r7LRtPVwkGEAX5PlGeFci6z=w32-h32-p-k-no,false,"https://www.google.com/maps/place/United+Dental+Care/@34.0107296,-118.4157404,16z/data=!3m1!4b1!4m6!3m5!1s0x80c2ba38a24d54d7:0xa241d4c9dd793f1!8m2!3d34.0107296!4d-118.4157404!16s%2Fg%2F1w6_p2b4?authuser=0&hl=en&entry=ttu&g_ep=EgoyMDI1MTIwOC4wIKXMDSoKLDEwMDc5MjA2OUgBUAM%3D",34.0107296,-118.4157404
Smile L.A. Downtown Modern Dentistry,523 W 6th St #202,Los Angeles,CA,90014,(213) 570-8775,https://smilela.com/?utm_medium=organic&utm_source=googlebusiness&utm_campaign=gbp,Dentist,4.9,667,Dentists near los angeles,9,Google Maps,https://lh3.googleusercontent.com/p/AF1QipOj2Kcz-xMg9oow4RQU5cZAuA9F-8gZu6xUJZSY=w32-h32-p-k-no,false,"https://www.google.com/maps/place/Smile+L.A.+Downtown+Modern+Dentistry/@34.048646,-118.254826,17z/data=!3m1!4b1!4m6!3m5!1s0x80c2b74f2bac1b97:0x918649d01d00d01b!8m2!3d34.048646!4d-118.254826!16s%2Fg%2F1tdqny0z?authuser=0&hl=en&entry=ttu&g_ep=EgoyMDI1MTIwOC4wIKXMDSoKLDEwMDc5MjA2OUgBUAM%3D",34.048646,-118.254826
Happy Smiles Dental,1655 S Western Ave Suite C,Los Angeles,CA,90006,(323) 529-0002,https://happysmilesla.com/en/,Dentist,4.9,1648,Dentists near los angeles,10,Google Maps,https://lh3.googleusercontent.com/p/AF1QipOUP3xHYxH9mgwP1TcKtz3m42eAuussdachyMHB=w32-h32-p-k-no,false,"https://www.google.com/maps/place/Happy+Smiles+Dental/@34.0429157,-118.3101701,17z/data=!3m1!4b1!4m6!3m5!1s0x80c2b93daeb2d383:0x4946d04389d681a8!8m2!3d34.0429157!4d-118.3101701!16s%2Fg%2F11gjp74pk3?authuser=0&hl=en&entry=ttu&g_ep=EgoyMDI1MTIwOC4wIKXMDSoKLDEwMDc5MjA2OUgBUAM%3D",34.0429157,-118.3101701
"Bill Dorfman, DDS",2080 Century Pk E #1601,Los Angeles,CA,90067,(310) 277-5678,https://billdorfmandds.com/?utm_source=GoogleBusinessProfile&utm_medium=Organic&utm_campaign=Website,Cosmetic dentist,5.0,1736,Dentists near los angeles,11,Google Maps,https://lh3.googleusercontent.com/p/AF1QipMs1LqM2cBc99xiMUpnGZvIDLAU2vnDObVA6Ip5=w32-h32-p-k-no,false,"https://www.google.com/maps/place/Bill+Dorfman,+DDS/@34.0593713,-118.411306,17z/data=!3m1!4b1!4m6!3m5!1s0x80c2bbf24adbb6d3:0xa23228a1baf2f33b!8m2!3d34.0593713!4d-118.411306!16s%2Fg%2F1tq8jtty?authuser=0&hl=en&entry=ttu&g_ep=EgoyMDI1MTIwOC4wIKXMDSoKLDEwMDc5MjA2OUgBUAM%3D",34.0593713,-118.411306
Pasha Dental Group Los Angeles - Dr. Nazli Majd,11144 Palms Blvd,Los Angeles,CA,90034,(310) 390-2228,https://www.pashadentalgroup.com/,Dentist,4.9,281,Dentists near los angeles,12,Google Maps,https://lh3.googleusercontent.com/p/AF1QipOBN-bvRkRxoIXatonwFx9oSt_ezMRYQNBy3EvQ=w32-h32-p-k-no,false,"https://www.google.com/maps/place/Pasha+Dental+Group+Los+Angeles+-+Dr.+Nazli+Majd/@34.019045,-118.42173,17z/data=!3m1!4b1!4m6!3m5!1s0x80c2ba4bf322ddb1:0x67ef248df246726c!8m2!3d34.019045!4d-118.42173!16s%2Fg%2F1tcy94qb?authuser=0&hl=en&entry=ttu&g_ep=EgoyMDI1MTIwOC4wIKXMDSoKLDEwMDc5MjA2OUgBUAM%3D",34.019045,-118.42173
California Smile Maker Beverly Hills,6333 Wilshire Blvd # 300,Los Angeles,CA,90048,(323) 553-4383,https://www.californiasmilemaker.com/?utm_source=GMB_Listing&utm_medium=organic&utm_campaign=Website_URL,Dentist,4.9,341,Dentists near los angeles,13,Google Maps,https://lh3.googleusercontent.com/p/AF1QipMMyKSqmt1Yd9rt8Noiku_Rgv8ikbcg4LaNEhZJ=w32-h32-p-k-no,false,"https://www.google.com/maps/place/California+Smile+Maker+Beverly+Hills/@34.0638506,-118.3663799,17z/data=!3m1!4b1!4m6!3m5!1s0x80c2b9af65b8c15d:0x5c8c5e3925f4f37e!8m2!3d34.0638506!4d-118.3663799!16s%2Fg%2F11kkxv3nh0?authuser=0&hl=en&entry=ttu&g_ep=EgoyMDI1MTIwOC4wIKXMDSoKLDEwMDc5MjA2OUgBUAM%3D",34.0638506,-118.3663799
Dream Smiles Dental Arts,6360 Wilshire Blvd #510,Los Angeles,CA,90048,(323) 655-0865,http://www.dreamsmilesla.com/,Cosmetic dentist,5.0,63,Dentists near los angeles,14,Google Maps,https://lh3.googleusercontent.com/p/AF1QipPf6ByVnzd-tWQivzsGYvGsb5WjslIRx2UylpSj=w32-h32-p-k-no,false,"https://www.google.com/maps/place/Dream+Smiles+Dental+Arts/@34.0633956,-118.3676959,17z/data=!3m1!4b1!4m6!3m5!1s0x80c2c7dcd99fb76b:0x59bdbb89e0913414!8m2!3d34.0633956!4d-118.3676959!16s%2Fg%2F1tf_1bnb?authuser=0&hl=en&entry=ttu&g_ep=EgoyMDI1MTIwOC4wIKXMDSoKLDEwMDc5MjA2OUgBUAM%3D",34.0633956,-118.3676959
Vernon Family Dental,968 W Vernon Ave,Los Angeles,CA,90037,(323) 234-4889,http://smilefixer.net/,Dentist,4.8,520,Dentists near los angeles,15,Google Maps,https://lh3.googleusercontent.com/p/AF1QipO1GliTbPi677TsosqcujD4j2uK2cpZsgDJT3Tc=w32-h32-p-k-no,false,"https://www.google.com/maps/place/Vernon+Family+Dental/@34.0035335,-118.2907674,17z/data=!3m1!4b1!4m6!3m5!1s0x80c2c81b1fc7c1e7:0xa51695a4c7c83481!8m2!3d34.0035335!4d-118.2907674!16s%2Fg%2F1tnss5sr?authuser=0&hl=en&entry=ttu&g_ep=EgoyMDI1MTIwOC4wIKXMDSoKLDEwMDc5MjA2OUgBUAM%3D",34.0035335,-118.2907674
"Westside Dental Associates - Les Latner, DDS",2990 S Sepulveda Blvd #204,Los Angeles,CA,90064,(310) 765-7441,https://www.leslatnerdds.com/,Dentist,4.8,132,Dentists near los angeles,16,Google Maps,https://lh3.googleusercontent.com/p/AF1QipPZVvscYoVARzV31dqaiEC_cXBh_byMBNeQtkB6=w32-h32-p-k-no,false,"https://www.google.com/maps/place/Westside+Dental+Associates+-+Les+Latner,+DDS/@34.0276701,-118.4285312,17z/data=!3m1!4b1!4m6!3m5!1s0x80c2bbae1ab1e8d7:0x7dc4b4883e713e!8m2!3d34.0276701!4d-118.4285312!16s%2Fg%2F1tdzlt_m?authuser=0&hl=en&entry=ttu&g_ep=EgoyMDI1MTIwOC4wIKXMDSoKLDEwMDc5MjA2OUgBUAM%3D",34.0276701,-118.4285312
Beverly Grove Dentistry,6200 Wilshire Blvd #1109,Los Angeles,CA,90048,(323) 238-8114,http://www.beverlygrovedentistry.com/,Cosmetic dentist,4.9,341,Dentists near los angeles,17,Google Maps,https://lh3.googleusercontent.com/gps-cs-s/AG0ilSwzhWS70vS4NfXs8-32wUCa2NbG6Qsm_jUOqa0YOU98GRugWwviEYKEkPT2Qrq6i5kFlADLkqekWfWvh5S8sYCUQJQQCg5Aozktsa50HsVENqqFvsIK_caAMjO69PaByf2RJmH48w=w32-h32-p-k-no,false,"https://www.google.com/maps/place/Beverly+Grove+Dentistry/@34.0630244,-118.3635073,17z/data=!3m1!4b1!4m6!3m5!1s0x80c2b93c1d402b6f:0x9774e12c5aa59212!8m2!3d34.0630244!4d-118.3635073!16s%2Fg%2F1tdxl3x2?authuser=0&hl=en&entry=ttu&g_ep=EgoyMDI1MTIwOC4wIKXMDSoKLDEwMDc5MjA2OUgBUAM%3D",34.0630244,-118.3635073
Beverly Hills Prestige Dental Group,1125 S Beverly Dr # 400,Los Angeles,CA,90035,(310) 286-9655,https://www.beverlyhillsfamilydentalgroup.com/?utm_source=GMB&utm_medium=organic&utm_campaign=DevOptimization&utm_content=Website,Cosmetic dentist,4.6,236,Dentists near los angeles,18,Google Maps,https://lh3.googleusercontent.com/p/AF1QipMAAUP_-Jf2Ew_MiVf6hDt0CrV50wQVH6p_t5Q=w32-h32-p-k-no,false,"https://www.google.com/maps/place/Beverly+Hills+Prestige+Dental+Group/@34.056839,-118.3968868,17z/data=!3m1!4b1!4m6!3m5!1s0x80c2bbe3b95f0eb5:0x8ccb7997bc6e01bb!8m2!3d34.056839!4d-118.3968868!16s%2Fg%2F1thxlb3d?authuser=0&hl=en&entry=ttu&g_ep=EgoyMDI1MTIwOC4wIKXMDSoKLDEwMDc5MjA2OUgBUAM%3D",34.056839,-118.3968868
"Wilshire Smile Studio - Los Angeles Dentist, Cosmetic and Emergency Dentistry",6200 Wilshire Blvd #1609,Los Angeles,CA,90048,(323) 336-8478,https://ladentist.com/,Cosmetic dentist,4.4,209,Dentists near los angeles,19,Google Maps,https://lh3.googleusercontent.com/p/AF1QipMN7JOT1ptBy1MsQAC7WlvdE4TcpjTwdmMeVRpt=w32-h32-p-k-no,false,"https://www.google.com/maps/place/Wilshire+Smile+Studio+-+Los+Angeles+Dentist,+Cosmetic+and+Emergency+Dentistry/@34.062941,-118.3635947,17z/data=!3m1!4b1!4m6!3m5!1s0x80c2b93c1d329311:0x88198d11daec6274!8m2!3d34.062941!4d-118.3635947!16s%2Fg%2F1tdzg7wf?authuser=0&hl=en&entry=ttu&g_ep=EgoyMDI1MTIwOC4wIKXMDSoKLDEwMDc5MjA2OUgBUAM%3D",34.062941,-118.3635947
Smile Again Dental Group - Los Angeles,258 S Oxford Ave # 101,Los Angeles,CA,90004,(213) 385-8242,http://www.smileagaindentalgroup.com/,Dentist,4.9,119,Dentists near los angeles,20,Google Maps,https://lh3.googleusercontent.com/p/AF1QipOlugeSaxAPKnk4r5aMm01NJwicdNkpqGLLPMVr=w32-h32-p-k-no,false,"https://www.google.com/maps/place/Smile+Again+Dental+Group+-+Los+Angeles/@34.0694413,-118.3074785,17z/data=!3m1!4b1!4m6!3m5!1s0x80c2b9a0ced9d2e3:0x7631f99860d0af9f!8m2!3d34.0694413!4d-118.3074785!16s%2Fg%2F11tffj2rjl?authuser=0&hl=en&entry=ttu&g_ep=EgoyMDI1MTIwOC4wIKXMDSoKLDEwMDc5MjA2OUgBUAM%3D",34.0694413,-118.3074785
McComb Orthodontics,11058 Washington Blvd,Culver City,CA,90232,(310) 299-8894,https://mccomborthodontics.com/culver-city/,Orthodontist,5.0,267,Dentists near los angeles,21,Google Maps,https://lh3.googleusercontent.com/p/AF1QipP4lOWDOEVEyeC_skpPsp0kkcjXZoRVdnX-dBNT=w32-h32-p-k-no,true,"https://www.google.com/maps/place/McComb+Orthodontics/@34.0097147,-118.4113819,16z/data=!3m1!4b1!4m6!3m5!1s0x80c2ba3ebc02ec87:0x8316240625ba0478!8m2!3d34.0097147!4d-118.4113819!16s%2Fg%2F11bxflqnb1?authuser=0&hl=en&entry=ttu&g_ep=EgoyMDI1MTIwOC4wIKXMDSoKLDEwMDc5MjA2OUgBUAM%3D",34.0097147,-118.4113819
Relate Dental Care - Culver City,6167 Bristol Pkwy Suite 215,Culver City,CA,90230,(424) 351-4042,https://relatedentalcare.com/?utm_source=google&utm_medium=organic&utm_campaign=gbp-listing,Dentist,5.0,240,Dentists near los angeles,22,Google Maps,https://lh3.googleusercontent.com/p/AF1QipMDzexkkNESWHdL_MKy0lrK8YEWpF-_r_tDm-Eq=w32-h32-p-k-no,true,"https://www.google.com/maps/place/Relate+Dental+Care+-+Culver+City/@33.9849605,-118.390702,16z/data=!3m1!4b1!4m6!3m5!1s0x80c2b77afd315a19:0xad12136dd06735d1!8m2!3d33.9849605!4d-118.390702!16s%2Fg%2F11j6yklwzv?authuser=0&hl=en&entry=ttu&g_ep=EgoyMDI1MTIwOC4wIKXMDSoKLDEwMDc5MjA2OUgBUAM%3D",33.9849605,-118.390702
Healing Dental Care - Los Angeles,680 Wilshire Pl # 411,Los Angeles,CA,90005,(213) 738-7077,https://www.healingdentalcarela.com/,Dentist,4.9,354,Dentists near los angeles,23,Google Maps,https://lh3.googleusercontent.com/gps-cs-s/AG0ilSzUusQlyqQbYiMNbrqc4CyShvhaiTyizEuWXj62UtOWpdRa8gnIuN09fFXD082BxeewNCTa_RC1Lsn7EsapiqTpf5GsUn_OnDwmJHmNZIajiTRg07zfBDZIyCXcsKpovq07KH-Y=w32-h32-p-k-no,false,"https://www.google.com/maps/place/Healing+Dental+Care+-+Los+Angeles/@34.0604988,-118.2875282,17z/data=!3m1!4b1!4m6!3m5!1s0x80c2c77763f3baa9:0xefad6955cf6921dc!8m2!3d34.0604988!4d-118.2875282!16s%2Fg%2F1tl0xm2n?authuser=0&hl=en&entry=ttu&g_ep=EgoyMDI1MTIwOC4wIKXMDSoKLDEwMDc5MjA2OUgBUAM%3D",34.0604988,-118.2875282
Smile Perfector Dental Group,6333 Wilshire Blvd #411,Los Angeles,CA,90048,(323) 634-6334,https://www.smileperfector.com/,Cosmetic dentist,4.8,241,Dentists near los angeles,24,Google Maps,https://lh3.googleusercontent.com/p/AF1QipNaenpR4W4PSiSE0k5DrTh77z5IOnw_DFWt4Bic=w32-h32-p-k-no,false,"https://www.google.com/maps/place/Smile+Perfector+Dental+Group/@34.0638539,-118.3664404,17z/data=!3m1!4b1!4m6!3m5!1s0x80c2bbfb8cf1479b:0x9817a83d2905621a!8m2!3d34.0638539!4d-118.3664404!16s%2Fg%2F1tfd2ntq?authuser=0&hl=en&entry=ttu&g_ep=EgoyMDI1MTIwOC4wIKXMDSoKLDEwMDc5MjA2OUgBUAM%3D",34.0638539,-118.3664404
"The Smiling Dentist: Monica Bruce, DDS",3756 Santa Rosalia Dr # 204,Los Angeles,CA,90008,(323) 293-7225,http://monicabrucedds1.com/,Dentist,5.0,407,Dentists near los angeles,25,Google Maps,https://lh3.googleusercontent.com/p/AF1QipM_sZzQiC6vyVczG3Dp6sQNz0dKaGfJbSEhb3n1=w32-h32-p-k-no,false,"https://www.google.com/maps/place/The+Smiling+Dentist:+Monica+Bruce,+DDS/@34.00882,-118.339161,17z/data=!3m1!4b1!4m6!3m5!1s0x80c2b82eb74c910f:0xf409a14e37f8d445!8m2!3d34.00882!4d-118.339161!16s%2Fg%2F1th28nv3?authuser=0&hl=en&entry=ttu&g_ep=EgoyMDI1MTIwOC4wIKXMDSoKLDEwMDc5MjA2OUgBUAM%3D",34.00882,-118.339161
"Meir Agaki, DDS. Inc.",12202 Washington Blvd,Los Angeles,CA,90066,(310) 398-6161,http://lamakeoverdentist.com/,Dentist,4.8,396,Dentists near los angeles,26,Google Maps,https://lh3.googleusercontent.com/p/AF1QipOt-MPTsFCvb4OrBd09ZOogB0OiHWgYQtV1uGmo=w32-h32-p-k-no,false,"https://www.google.com/maps/place/Meir+Agaki,+DDS.+Inc./@33.9971065,-118.4257216,17z/data=!3m1!4b1!4m6!3m5!1s0x80c2ba6c7ec6abb1:0x5492d71e86d3a3ad!8m2!3d33.9971065!4d-118.4257216!16s%2Fg%2F1tfhzvyz?authuser=0&hl=en&entry=ttu&g_ep=EgoyMDI1MTIwOC4wIKXMDSoKLDEwMDc5MjA2OUgBUAM%3D",33.9971065,-118.4257216
Pearl Dental Culver City,11955 Washington Blvd #106,Los Angeles,CA,90066,(310) 736-2864,https://www.pearldentalla.com/locations/culver-city/,Dentist,4.8,389,Dentists near los angeles,27,Google Maps,https://lh3.googleusercontent.com/p/AF1QipMSgD_yG_WCZ58KbpmJtVwM8Pra0AoxY-TQMCO5=w32-h32-p-k-no,false,"https://www.google.com/maps/place/Pearl+Dental+Culver+City/@33.9979366,-118.4211532,17z/data=!3m1!4b1!4m6!3m5!1s0x80c2ba6bf9b52d11:0x553fc8163db73bf8!8m2!3d33.9979366!4d-118.4211532!16s%2Fg%2F11bzyyr7bv?authuser=0&hl=en&entry=ttu&g_ep=EgoyMDI1MTIwOC4wIKXMDSoKLDEwMDc5MjA2OUgBUAM%3D",33.9979366,-118.4211532
Exquisite Dentistry,6227 Wilshire Blvd,Los Angeles,CA,90048,(323) 272-2388,https://exquisitedentistryla.com/,Dentist,4.9,226,Dentists near los angeles,28,Google Maps,https://lh3.googleusercontent.com/p/AF1QipMI3oeYWdvLgdDInmLT9PXgAlx6TtQsTSeeDddK=w32-h32-p-k-no,false,https://www.google.com/maps/place/Exquisite+Dentistry/data=!4m7!3m6!1s0x80c2b939533a7f81:0x48fa33feba5e34c8!8m2!3d34.063473!4d-118.36423!16s%2Fg%2F1tlw9b9h!19sChIJgX86Uzm5woARyDReuv4z-kg?authuser=0&hl=en&rclk=1,,
Joshua Yadegar | Endodontist & 24 hour Emergency Dentist Los Angeles,2080 Century Pk E #1710,Los Angeles,CA,90067,(310) 553-3232,https://drjoshuayadegar.com/,Endodontist,4.9,262,Dentists near los angeles,29,Google Maps,https://lh3.googleusercontent.com/p/AF1QipMQvhKhXO2rm4i4EoB8fyyapVCwlDmi54CZrOYc=w32-h32-p-k-no,false,"https://www.google.com/maps/place/Joshua+Yadegar+%7C+Endodontist+%26+24+hour+Emergency+Dentist+Los+Angeles/@34.0593428,-118.4112215,17z/data=!3m1!4b1!4m6!3m5!1s0x80c2bbf7fc46106f:0xd5e92f16a5448e8f!8m2!3d34.0593428!4d-118.4112215!16s%2Fg%2F11b75jbdh4?authuser=0&hl=en&entry=ttu&g_ep=EgoyMDI1MTIwOC4wIKXMDSoKLDEwMDc5MjA2OUgBUAM%3D",34.0593428,-118.4112215
Hoover Dental Center,1717 S Hoover St suite 105,Los Angeles,CA,90006,(213) 725-2898,https://www.hooverdentalcenter.com/,Dentist,4.9,343,Dentists near los angeles,30,Google Maps,https://lh3.googleusercontent.com/gps-cs-s/AG0ilSz1GS41hFAEdUzuiY-RScQH0kOy5cZYC0DJYZyre-fReQQXstXKh1LY0zfkv9dD48lge7gBC6nBAEDV8i4mn5EVKohgnQXZmtxGEMXEQATeSVadQNRFsHpWCOQJTb_2sC8EFDjV-A=w32-h32-p-k-no,false,"https://www.google.com/maps/place/Hoover+Dental+Center/@34.0422558,-118.2845915,17z/data=!3m1!4b1!4m6!3m5!1s0x80c2c793d4268825:0xdf5cc8132e26e8f6!8m2!3d34.0422558!4d-118.2845915!16s%2Fg%2F1tcvpjrj?authuser=0&hl=en&entry=ttu&g_ep=EgoyMDI1MTIwOC4wIKXMDSoKLDEwMDc5MjA2OUgBUAM%3D",34.0422558,-118.2845915
Joeun Dental Group - Koreatown,680 Wilshire Pl # 314,Los Angeles,CA,90005,(213) 263-2833,https://joeundentist.com/,Dentist,4.8,193,Dentists near los angeles,31,Google Maps,https://lh3.googleusercontent.com/p/AF1QipM2KN8gEGxxA4-v8YDXTuWQ10ItEQLTbqUArqrt=w32-h32-p-k-no,false,"https://www.google.com/maps/place/Joeun+Dental+Group+-+Koreatown/@34.0605827,-118.2874521,17z/data=!3m1!4b1!4m6!3m5!1s0x80c2c777615b91e9:0x3c004b1d2cece3b0!8m2!3d34.0605827!4d-118.2874521!16s%2Fg%2F11fzf4ckmg?authuser=0&hl=en&entry=ttu&g_ep=EgoyMDI1MTIwOC4wIKXMDSoKLDEwMDc5MjA2OUgBUAM%3D",34.0605827,-118.2874521
Dental Emergency Los Angeles Dr. King,3791 S Centinela Ave,Los Angeles,CA,90066,(424) 645-2706,https://emergencydentist.la/,Emergency dental service,4.4,120,Dentists near los angeles,32,Google Maps,https://lh3.googleusercontent.com/p/AF1QipPKQSs7cn1HFl1mautZg1GODQqidHByNzOSlg0D=w32-h32-p-k-no,false,"https://www.google.com/maps/place/Dental+Emergency+Los+Angeles+Dr.+King/@34.0040865,-118.4341994,17z/data=!3m1!4b1!4m6!3m5!1s0x80c2ba5ea42479ff:0x70ba61b41c75a277!8m2!3d34.0040865!4d-118.4341994!16s%2Fg%2F1pzx8z735?authuser=0&hl=en&entry=ttu&g_ep=EgoyMDI1MTIwOC4wIKXMDSoKLDEwMDc5MjA2OUgBUAM%3D",34.0040865,-118.4341994
Mid Wilshire Dentistry,3470 Wilshire Blvd #450,Los Angeles,CA,90010,(213) 386-3348,https://midwilshiredentistry.com/,Dentist,4.7,530,Dentists near los angeles,33,Google Maps,https://lh3.googleusercontent.com/p/AF1QipPePH2o7xgFDOE8h7c1AC_IeYus64W7E71VyVLV=w32-h32-p-k-no,false,"https://www.google.com/maps/place/Mid+Wilshire+Dentistry/@34.0614986,-118.3002313,17z/data=!3m1!4b1!4m6!3m5!1s0x80c2b8827d25aa91:0x17e8ffde2ac6fa31!8m2!3d34.0614986!4d-118.3002313!16s%2Fg%2F1tf65r87?authuser=0&hl=en&entry=ttu&g_ep=EgoyMDI1MTIwOC4wIKXMDSoKLDEwMDc5MjA2OUgBUAM%3D",34.0614986,-118.3002313
Dentistry & Orthodontics,9201 Venice Blvd.,Los Angeles,CA,90034,(310) 398-6161,,Dentist,4.8,206,Dentists near los angeles,34,Google Maps,https://lh3.googleusercontent.com/p/AF1QipPWa2gwk0BjMdpPwwwiAziVSX67LfnG864YGjS4=w32-h32-p-k-no,false,"https://www.google.com/maps/place/Dentistry+%26+Orthodontics/@34.026724,-118.393855,16z/data=!3m1!4b1!4m6!3m5!1s0x80c2bb7e60f10409:0x16b9c7ab02a9b074!8m2!3d34.026724!4d-118.393855!16s%2Fg%2F11jmysm5xd?authuser=0&hl=en&entry=ttu&g_ep=EgoyMDI1MTIwOC4wIKXMDSoKLDEwMDc5MjA2OUgBUAM%3D",34.026724,-118.393855
River Dentistry,Westin Bonaventure Hotel,"404 S Figueroa St Suite 207, Los Angeles",CA,90071,(213) 486-0006,https://riverdentistry.com/,Dentist,4.8,124,Dentists near los angeles,35,Google Maps,https://lh3.googleusercontent.com/p/AF1QipNQ330tlRimQkj-pO459BljqreBkB2tmg2XCvqX=w32-h32-p-k-no,false,"https://www.google.com/maps/place/River+Dentistry/@34.0530993,-118.2558635,17z/data=!3m1!4b1!4m6!3m5!1s0x80c2c7b258e0e995:0x7765528fb7f37709!8m2!3d34.0530993!4d-118.2558635!16s%2Fg%2F1hm61blr8?authuser=0&hl=en&entry=ttu&g_ep=EgoyMDI1MTIwOC4wIKXMDSoKLDEwMDc5MjA2OUgBUAM%3D",34.0530993,-118.2558635
"George D. Lim, DMD Inc. Dentistry & Orthodontics",11725 Washington Blvd,Los Angeles,CA,90066,(310) 391-7173,http://www.georgelimdental.com/,Dentist,4.7,169,Dentists near los angeles,36,Google Maps,https://lh3.googleusercontent.com/gps-cs-s/AG0ilSzpQJ_7psfiKwufIUjwQlsx-P40UrrHmC42BIjkWzFx_O7V7f6hbLjpgust4IY2XRK7BKRrd-gOPJHFpD969dvW12By8K7YyQF6BawnCD0zS8TQHcFL6gwflMc62YGZWMVY08dX=w32-h32-p-k-no,false,"https://www.google.com/maps/place/George+D.+Lim,+DMD+Inc.+Dentistry+%26+Orthodontics/@33.9997468,-118.4184849,16z/data=!3m1!4b1!4m6!3m5!1s0x80c2ba6b728ef0bd:0x342de1d32826fafb!8m2!3d33.9997468!4d-118.4184849!16s%2Fg%2F1thw6_dm?authuser=0&hl=en&entry=ttu&g_ep=EgoyMDI1MTIwOC4wIKXMDSoKLDEwMDc5MjA2OUgBUAM%3D",33.9997468,-118.4184849
Santa Monica Dental Care,12209 Santa Monica Blvd,Los Angeles,CA,90025,(310) 820-5600,http://smdentalcare.com/,Dentist,4.8,155,Dentists near los angeles,37,Google Maps,https://lh3.googleusercontent.com/p/AF1QipMNkJDoh0kT36Zg8OQjIGAMCSFLnabwfCvKFKXR=w32-h32-p-k-no,false,"https://www.google.com/maps/place/Santa+Monica+Dental+Care/@34.0402831,-118.4650912,17z/data=!3m1!4b1!4m6!3m5!1s0x80c2bb42698e964b:0xa0e20f76d0ffc637!8m2!3d34.0402831!4d-118.4650912!16s%2Fg%2F1th7ylw_?authuser=0&hl=en&entry=ttu&g_ep=EgoyMDI1MTIwOC4wIKXMDSoKLDEwMDc5MjA2OUgBUAM%3D",34.0402831,-118.4650912
Westwood Family Dental,2180 Westwood Blvd #2d,Los Angeles,CA,90025,(310) 441-8888,http://westwoodfamilydental.com/,Dentist,4.7,171,Dentists near los angeles,38,Google Maps,https://lh3.googleusercontent.com/p/AF1QipNJX4-ih7fSRpUBh0G8Dk1oGB9It4MJU2eA5VRH=w32-h32-p-k-no,false,"https://www.google.com/maps/place/Westwood+Family+Dental/@34.0443218,-118.4316515,16z/data=!3m1!4b1!4m6!3m5!1s0x80c2bb991a6dafcb:0xc0702c4d96005270!8m2!3d34.0443218!4d-118.4316515!16s%2Fg%2F1tj807bt?authuser=0&hl=en&entry=ttu&g_ep=EgoyMDI1MTIwOC4wIKXMDSoKLDEwMDc5MjA2OUgBUAM%3D",34.0443218,-118.4316515
La Cienega Dental Group,1835 S La Cienega Blvd # 200,Los Angeles,CA,90035,(310) 836-0300,,Dentist,4.6,43,Dentists near los angeles,39,Google Maps,https://lh3.googleusercontent.com/gps-cs-s/AG0ilSyjQ7Lj238edwCPV9H7N8lYSeJCfPXTAry4ZyCHhHWHMV4oKmJC4TDeucB2u9cB5eJvxJRreNd7QBfDRkC1f0ulcghe1syh2pQ3fXWAqI7jT6mRhSGL1j7Z204Fru6DPYTaGz0=w32-h32-p-k-no,false,"https://www.google.com/maps/place/La+Cienega+Dental+Group/@34.043485,-118.379316,17z/data=!3m1!4b1!4m6!3m5!1s0x80c2b9703ba73529:0xe25a3c89eaaa3501!8m2!3d34.043485!4d-118.379316!16s%2Fg%2F1tj5ldym?authuser=0&hl=en&entry=ttu&g_ep=EgoyMDI1MTIwOC4wIKXMDSoKLDEwMDc5MjA2OUgBUAM%3D",34.043485,-118.379316
Smile Design Dental,8530 W Pico Blvd,Los Angeles,CA,90035,(310) 499-2549,https://www.smiledesignlosangeles.com/,Cosmetic dentist,4.9,154,Dentists near los angeles,40,Google Maps,https://lh3.googleusercontent.com/p/AF1QipMd5rcziB4zDYGtuo_47eGL8U8AmWGygu1ih96-=w32-h32-p-k-no,false,"https://www.google.com/maps/place/Smile+Design+Dental/@34.0532853,-118.376982,16z/data=!3m1!4b1!4m6!3m5!1s0x80c2b969913aea8b:0xcf81380cea05f0c3!8m2!3d34.0532853!4d-118.376982!16s%2Fg%2F1td13js9?authuser=0&hl=en&entry=ttu&g_ep=EgoyMDI1MTIwOC4wIKXMDSoKLDEwMDc5MjA2OUgBUAM%3D",34.0532853,-118.376982
Total Care Dental and Orthodontics | Los Angeles,5703 Vermont Ave,Los Angeles,CA,90037,(323) 751-5600,https://tcdortho.com/,Dental clinic,4.5,1242,Dentists near los angeles,41,Google Maps,https://lh3.googleusercontent.com/gps-cs-s/AG0ilSx-8wgZUZcDPQbAL19NGcPzPnfm-3MEy98nm545yVXpoPRsjd6o-bvhLpkMLuKvp8JbCU7pu-UDLSJKfC0Me1Xw3EjBavMbvz3nHLG-BdfrquoabDvlGFbDMfRbUskj7FP5xiRi=w32-h32-p-k-no,false,"https://www.google.com/maps/place/Total+Care+Dental+and+Orthodontics+%7C+Los+Angeles/@33.9902703,-118.2916431,17z/data=!3m1!4b1!4m6!3m5!1s0x80c2c823913c4fb3:0x4459f5d8d88fcad!8m2!3d33.9902703!4d-118.2916431!16s%2Fg%2F1v2kxq5w?authuser=0&hl=en&entry=ttu&g_ep=EgoyMDI1MTIwOC4wIKXMDSoKLDEwMDc5MjA2OUgBUAM%3D",33.9902703,-118.2916431
e-Dental Center,3456 Motor Ave #105,Los Angeles,CA,90034,(424) 258-6018,http://www.e-dentalcenter.com/,Dentist,4.7,127,Dentists near los angeles,42,Google Maps,https://lh3.googleusercontent.com/p/AF1QipPNNmQPVcScTFUDdErmWRvi0s0Bk3VWSQ0MALSo=w32-h32-p-k-no,false,"https://www.google.com/maps/place/e-Dental+Center/@34.0267007,-118.4084856,17z/data=!3m1!4b1!4m6!3m5!1s0x80c2ba33332f4f97:0x9cd5b8cd3a67144f!8m2!3d34.0267007!4d-118.4084856!16s%2Fg%2F11bccf8trm?authuser=0&hl=en&entry=ttu&g_ep=EgoyMDI1MTIwOC4wIKXMDSoKLDEwMDc5MjA2OUgBUAM%3D",34.0267007,-118.4084856
Personal Dental Office & Orthodontics,6222 Wilshire Blvd #103,Los Angeles,CA,90048,(323) 933-4444,http://www.personaldentaloffice.com/,Dentist,4.7,248,Dentists near los angeles,44,Google Maps,https://lh3.googleusercontent.com/p/AF1QipPbLBkGXTQGHBVViF9Fq4a78MJ3axENkKMTOUH2=w32-h32-p-k-no,true,"https://www.google.com/maps/place/Personal+Dental+Office+%26+Orthodontics/@34.0630322,-118.3643933,17z/data=!3m1!4b1!4m6!3m5!1s0x80c2b93ea93a3405:0x95fbfa8bbc3075b5!8m2!3d34.0630322!4d-118.3643933!16s%2Fg%2F1tt0rc_3?authuser=0&hl=en&entry=ttu&g_ep=EgoyMDI1MTIwOC4wIKXMDSoKLDEwMDc5MjA2OUgBUAM%3D",34.0630322,-118.3643933
Culver Marina Dental Group,12756 Washington Blvd,Los Angeles,CA,90066,(310) 945-2416,https://theculvermarinadentalgroup.com/,Dentist,4.9,277,Dentists near los angeles,45,Google Maps,https://lh3.googleusercontent.com/p/AF1QipO3r4AszzUTrkSCkHyZy13iqVM6s4KqJAcndp6V=w32-h32-p-k-no,false,"https://www.google.com/maps/place/Culver+Marina+Dental+Group/@33.9959595,-118.4359193,17z/data=!3m1!4b1!4m6!3m5!1s0x80c2ba6111b85a35:0x31e7090d90b9db40!8m2!3d33.9959595!4d-118.4359193!16s%2Fg%2F113gqn302?authuser=0&hl=en&entry=ttu&g_ep=EgoyMDI1MTIwOC4wIKXMDSoKLDEwMDc5MjA2OUgBUAM%3D",33.9959595,-118.4359193
Washington Dental | Los Angeles Dentist,1005 E Washington Blvd B,Los Angeles,CA,90021,(213) 765-0004,https://www.washington-dental.com/,Dentist,4.7,815,Dentists near los angeles,46,Google Maps,https://lh3.googleusercontent.com/p/AF1QipOSyD2pnMfVUtnzt-S3OP7dkETb6Ros5oS_HtQM=w32-h32-p-k-no,false,"https://www.google.com/maps/place/Washington+Dental+%7C+Los+Angeles+Dentist/@34.026031,-118.252873,17z/data=!3m1!4b1!4m6!3m5!1s0x80c2c7d54a21c059:0xfb88c112b54a94eb!8m2!3d34.026031!4d-118.252873!16s%2Fg%2F1tj_5hxm?authuser=0&hl=en&entry=ttu&g_ep=EgoyMDI1MTIwOC4wIKXMDSoKLDEwMDc5MjA2OUgBUAM%3D",34.026031,-118.252873
One Dental Specialties,621 S Western Ave #201,Los Angeles,CA,90005,(213) 381-2828,http://www.onedentalspecialties.com/,Dentist,4.7,223,Dentists near los angeles,47,Google Maps,https://lh3.googleusercontent.com/p/AF1QipP_MGZCiOysactnfsjLV-D6DfPWmukrCSVc-yLH=w32-h32-p-k-no,false,"https://www.google.com/maps/place/One+Dental+Specialties/@34.0626743,-118.3092938,16z/data=!3m1!4b1!4m6!3m5!1s0x80c2b89ac12b193d:0x45d2fdc7e0225545!8m2!3d34.0626743!4d-118.3092938!16s%2Fg%2F11ycydxwy?authuser=0&hl=en&entry=ttu&g_ep=EgoyMDI1MTIwOC4wIKXMDSoKLDEwMDc5MjA2OUgBUAM%3D",34.0626743,-118.3092938
Union Dental Center: Family & Emergency Dentistry,1517 W 6th St,Los Angeles,CA,90017,(213) 463-2744,http://www.uniondentalcenter.co/?utm_campaign=gmb,Dentist,4.9,859,Dentists near los angeles,48,Google Maps,https://lh3.googleusercontent.com/p/AF1QipOYhDxnXomNByA7R-jCNhy7waxdlKzQGWQJTINc=w32-h32-p-k-no,false,"https://www.google.com/maps/place/Union+Dental+Center:+Family+%26+Emergency+Dentistry/@34.0569534,-118.2685546,17z/data=!3m1!4b1!4m6!3m5!1s0x80c2c7a699166159:0xabde63d1799863e8!8m2!3d34.0569534!4d-118.2685546!16s%2Fg%2F1td5rjzl?authuser=0&hl=en&entry=ttu&g_ep=EgoyMDI1MTIwOC4wIKXMDSoKLDEwMDc5MjA2OUgBUAM%3D",34.0569534,-118.2685546
Super Kids Dental,2323 East 4th St,Los Angeles,CA,90033,(323) 980-9090,http://www.superkidsdental.net/,Pediatric dentist,4.9,1870,Dentists near los angeles,49,Google Maps,https://lh3.googleusercontent.com/p/AF1QipP74EVXh9Pxvn-DsBRK0OEYEM8UpJtRwy6zsZMq=w32-h32-p-k-no,false,"https://www.google.com/maps/place/Super+Kids+Dental/@34.0410984,-118.2118876,17z/data=!3m1!4b1!4m6!3m5!1s0x80c2c6041e56b1d1:0xf123003505a42fff!8m2!3d34.0410984!4d-118.2118876!16s%2Fg%2F1ptwp_9cm?authuser=0&hl=en&entry=ttu&g_ep=EgoyMDI1MTIwOC4wIKXMDSoKLDEwMDc5MjA2OUgBUAM%3D",34.0410984,-118.2118876
"PhD Dental Boyle Heights Los Angeles MediCal Dentist Adults, Kids, Wisdom Teeth & Braces",3000 Whittier Blvd,Los Angeles,CA,90023,(323) 269-5437,https://www.phddental.com/?utm_source=organic&utm_medium=local&utm_campaign=gmbla,Dentist,4.8,1076,Dentists near los angeles,50,Google Maps,https://lh3.googleusercontent.com/p/AF1QipPJWGzRp8q8Ex0v8LHwyMbzHQMVkrN_5vAzR4zn=w32-h32-p-k-no,false,"https://www.google.com/maps/place/PhD+Dental+Boyle+Heights+Los+Angeles+MediCal+Dentist+Adults,+Kids,+Wisdom+Teeth+%26+Braces/@34.0304084,-118.2073073,17z/data=!3m1!4b1!4m6!3m5!1s0x80c2c8aca20bb145:0xa6cd8d64e2f810e4!8m2!3d34.0304084!4d-118.2073073!16s%2Fg%2F1tqclh2l?authuser=0&hl=en&entry=ttu&g_ep=EgoyMDI1MTIwOC4wIKXMDSoKLDEwMDc5MjA2OUgBUAM%3D",34.0304084,-118.2073073
Angel Dental Group,3500 W 6th St Suite 208,Los Angeles,CA,90020,(213) 381-7770,,Dentist,4.8,121,Dentists near los angeles,51,Google Maps,https://lh3.googleusercontent.com/gps-cs-s/AG0ilSzYWZ8DsJE-mbKYngdPwOvT4tsyccj4ACF1-rttizP3LbBfMzF5F4RaydrWZF0oCkzKTbLh_2mjXizwNzrxUFSxnpuKS-uo08Kh3ZDLGmBGaIeCzpEZ1e75SSb7cxpnmPCSNyY=w32-h32-p-k-no,false,"https://www.google.com/maps/place/Angel+Dental+Group/@34.0631235,-118.2986129,17z/data=!3m1!4b1!4m6!3m5!1s0x80c2c7796ee6d153:0x37d33c65935f80a9!8m2!3d34.0631235!4d-118.2986129!16s%2Fg%2F1tcw8fy_?authuser=0&hl=en&entry=ttu&g_ep=EgoyMDI1MTIwOC4wIKXMDSoKLDEwMDc5MjA2OUgBUAM%3D",34.0631235,-118.2986129
Dr. Joyce Family and Cosmetic Dentistry,1964 Westwood Blvd #215,Los Angeles,CA,90025,(310) 470-7200,http://www.drjoycedentistry.com/?utm_campaign=gbp,Dentist,4.8,208,Dentists near los angeles,52,Google Maps,https://lh3.googleusercontent.com/p/AF1QipO0-xxzEOF_RuijhRicmyVdzEezdII1nRGrYoLz=w32-h32-p-k-no,false,"https://www.google.com/maps/place/Dr.+Joyce+Family+and+Cosmetic+Dentistry/@34.0474398,-118.4344449,16z/data=!3m1!4b1!4m6!3m5!1s0x80c2bb9c717dfe13:0xbc156a1a1eabfe8e!8m2!3d34.0474398!4d-118.4344449!16s%2Fg%2F1vyxjpb7?authuser=0&hl=en&entry=ttu&g_ep=EgoyMDI1MTIwOC4wIKXMDSoKLDEwMDc5MjA2OUgBUAM%3D",34.0474398,-118.4344449
Miracle Smile Dentistry,5850 Wilshire Blvd,Los Angeles,CA,90036,(323) 932-7020,https://www.miraclesmiledentistry.com/,Dentist,4.8,272,Dentists near los angeles,53,Google Maps,https://lh3.googleusercontent.com/p/AF1QipOq_OgSOsZE-kcBu5zSimldJuDbIRpWvBTrPtU3=w32-h32-p-k-no,false,"https://www.google.com/maps/place/Miracle+Smile+Dentistry/@34.0622528,-118.3561773,16z/data=!3m1!4b1!4m6!3m5!1s0x80c2b922e619ea97:0x35d78f54ac041369!8m2!3d34.0622528!4d-118.3561773!16s%2Fg%2F1td_yw5y?authuser=0&hl=en&entry=ttu&g_ep=EgoyMDI1MTIwOC4wIKXMDSoKLDEwMDc5MjA2OUgBUAM%3D",34.0622528,-118.3561773
Fuller Smiles - Venice,9808 Venice Blvd. #506,Culver City,CA,90232,(310) 204-2475,https://dentistoflosangeles.com/,Dentist,4.8,606,Dentists near los angeles,54,Google Maps,https://lh3.googleusercontent.com/p/AF1QipOk6BHP_XZDV2xaiZXNqEJ5Eydd-2wH802S4BeN=w32-h32-p-k-no,false,"https://www.google.com/maps/place/Fuller+Smiles+-+Venice/@34.0234154,-118.3979021,16z/data=!3m1!4b1!4m6!3m5!1s0x80c2ba2945b13b0f:0xb6da5663ce6afa20!8m2!3d34.0234154!4d-118.3979021!16s%2Fg%2F11c5gb_42f?authuser=0&hl=en&entry=ttu&g_ep=EgoyMDI1MTIwOC4wIKXMDSoKLDEwMDc5MjA2OUgBUAM%3D",34.0234154,-118.3979021
Wilshire Center Dental Group,3932 Wilshire Blvd,Los Angeles,CA,90010,(213) 386-3336,http://wilshiredentist.com/,Dentist,4.5,551,Dentists near los angeles,55,Google Maps,https://lh3.googleusercontent.com/p/AF1QipMjlDTk4TunBNwtUk3GvMAI6_wP4yEvq-F9HWL0=w32-h32-p-k-no,false,"https://www.google.com/maps/place/Wilshire+Center+Dental+Group/@34.0611668,-118.3123678,17z/data=!3m1!4b1!4m6!3m5!1s0x80c2b8901ed230bf:0x551edfdcc691a82b!8m2!3d34.0611668!4d-118.3123678!16s%2Fg%2F1tx479f1?authuser=0&hl=en&entry=ttu&g_ep=EgoyMDI1MTIwOC4wIKXMDSoKLDEwMDc5MjA2OUgBUAM%3D",34.0611668,-118.3123678
LA Dental Clinic,3377 Wilshire Blvd #202,Los Angeles,CA,90010,(213) 385-9710,https://ladentalclinic.com/,Dentist,4.7,491,Dentists near los angeles,56,Google Maps,https://lh3.googleusercontent.com/p/AF1QipNqRTnEj6ln4dZLHWJDVGJrk7gcwIi9ZUHIeY0G=w32-h32-p-k-no,false,"https://www.google.com/maps/place/LA+Dental+Clinic/@34.0619812,-118.2974853,17z/data=!3m1!4b1!4m6!3m5!1s0x80c2c775c364b535:0xcb425147b3324e7!8m2!3d34.0619812!4d-118.2974853!16s%2Fg%2F1tfz0ct3?authuser=0&hl=en&entry=ttu&g_ep=EgoyMDI1MTIwOC4wIKXMDSoKLDEwMDc5MjA2OUgBUAM%3D",34.0619812,-118.2974853
